id_venditore,azienda,indirizzo,cap,citta,stato,fax,telefono,piva,italiano,tipo_pagamento,iva
34,"SONCINI SRL",,,,,,,"01234566678999",1,,
35,"SONCINI LUCA",,,,,,,"0134658888877",1,,
55,"DANSKO FOODS LTD","UNIT 22, WEBWORKS,EGLINGTON ST.",,"CORK - Ireland",,,,"IE4881127D",0,1,
57,"CASEIFICIO PREZIOSA SRL","VIA CASSINONE 32","24068","SERIATE (BG)",,,,"01751430164",1,,
58,"CIRESA SRL","Via V. Emanuele, 62","23815","Introbio (LC) Valsassina",,,,"00206690133",1,1,2
59,"ALESSANDRO PIRINO","VIA A.DE GIOVANNI, 13","46018","SABBIONETA (MN)",,,,"02390120208",1,1,2
60,"BIANCHI ORIZZONTI SRL","VIA MURATA , 6","80040","POLLENA TROCCHIA (NA)",,,,"06230061217",1,,
61,"STEFANO FONTANA","Via XXV Aprile, 4","29015","Castel San Giovanni (PC)",,,,"IT01592420333",1,13,1
64,"DARMILK SP Zo.o. sp. K","Ul. Pulawska  38 lok.3","05-500","Piaseczno- POLONIA",,,,"PL 1231270958",0,,
68,"SWISS PREMIUM AG","LERZENSTRASSE, 19",,"DIETIKON, SVIZZERA",,,,"CH220572",0,,
78,"VALGRANA SPA","Via Moretta, 7","12030","Scarnafigi (CN)",,"0175 272099","0175 272000",,1,1,2
80,"FATTORIA DI VAIRA","Contrada Colle Calcioni",,"Petaccio (CB)",,,"0875 67304",,1,,1
82,"MOLKEREIGENOSSENSCHAFT HOHENLOHE- FRANKEN eG","Molkereistr. 2","74575","Schrozberg",,,"0049 7935 9115-0",,0,1,
84,"MOELCKEREI SOEBBEKE GmbH","Amelandsbrueckenweg, 131","48599","Gronau Epe",,,"0049 02565 93030",,0,1,
85,"PINZGAU MILCH Produktions GmbH","Saalfeldnerstrasse 2","5751","Maishofen",,"0043 6542 68266 338","0043 6542 68266","ATU 57189633",0,1,
86,"ACCOM MANAGEMENT GROUP S.R.O.","Na plàni 1997/41","150 00","Praha",,"00420 416 781 166","00420 416 781 145",,0,1,
91,"CASEIFICIO VALVO SRL","C/DA SALERNO SNC","94100","ENNA",,,,"00602850869",1,,
92,"CENTRALE DEL LATTE DI BRESCIA","VIA LA MARMORA, 189","25124","BRESCIA",,,,"03341930174",1,,
96,"BHA BELGIUM SA","RUE MITOYENNE , 897","B-4840","WELKENRAEDT, BELGIQUE",,,,"BE 0403892558",0,1,
97,"DANA DAIRY GROUP LTD.","P.O.BOX 22,","CH-1211","GENEVA  4",,"+ 41 (22) 545 7661",,,0,1,
104,"KERR France SAS","BP 12, 2 Rue Auguste Blanqui","59431","Halluin",,,"0033320289000","79 381 234 046",0,1,
110,"IDEA OTTO SRL UNIPERSONALE","Viale del lavoro, 69","36021","Ponte di Barbarano",,,"39 0444795 148","02395140284",1,1,1
49,"DIKE CONSULTANCY","NIEUWEGRACHT 4","3512 LP","UTRECHT",,,,,0,1,
118,"CONSORZIO LATTERIE VIRGILIO","VIALE DELLA FAVORITA, 19","46100","MANTOVA",,,,"00157100207",1,,1
122,"TRADIN ORGANIC AGRICULTURE B.V","Stationsplein 61-65","1012 AB","Amsterdam",,"+31204972100","+31204074499",,0,1,
135,"BIRAGHI SPA","Via Cuneo 1","12030","Cavallermaggiore",,,,"00486510043",1,1,2
137,"LEVMILK LEVICKÉ MLIEKÁRNE a.s.","Júrska cesta č. 2","934 01","Levice",,"+421 36 6377-391","+421 36 6377-211",,0,1,
153,"MONTECOPPE","Località Ferlaro, via Montecoppe, 21","43044"," Collecchio (PR)",,"+39 0521 302040","+39 0521 805942",,1,1,2
154,"Uhrenholt A/S","Teglgårdsparken 106","DK-5500"," Middelfart",,"+45 64 41 56 41","(+45) 64 41 40 41","PL5262999272",0,1,
158,"HENRI WILLIG","Hoogedijk 8","1145 PM"," Katwoude (Volendam)",,"+31 (0) 299 652 231","+31 (0) 299 655 151",,0,1,
186,"VREUGDENHIL","Baron van Nagellstraat 64","3781 AT","VOORTHUIZEN",,"0031342477840","0031342477800",,0,1,
189,"SALCIS SAS DI MORBIDI A & C",,,"MONTERIGGIONI (SIENA)",,,"0577306724",,1,1,2
190,"Hellenic Protein S.A.","180 Pireos Ave 1 Lamias Str.","177 78 Tavros","Athens, Greece",,"(+30) 210 34 22 917","(+30) 210 34 24 993",,0,1,
192,"COOPERATIVA  AGRICOLA  ''I TESORI DELLA TERRA''","V.CIAN , 16","12010","CERVASCA (CN)",,,,"02814420044",1,13,2
194,"HIJOS DE SALVADOR RODRIGUEZ S.A.","CTRA. MOZAR, KM 1","49620","SANTA CRISTINA DE LA POLVOROSA (ZAMORA)",,"+34 980631992","+34 980631907",,0,1,
195,"Joseph Heler Cheese","Crewe Rd, Hatherton, Nantwich","CW5 7PE","Cheshire",,,"+44 (0) 1270 840018",,0,1,
198,"BIOLAIT S.A.S.","Zone de la Lande - 5, rue des Entrepreneurs","44390","Saffré",,,,"FR86489240606",0,,
199,"Milchgold Käse AG.","INDUSTRIESTRASSE, 11","CH-5644","AUW",,,,"CH 81834542",0,,
203,"VALIMEX","C/Cuenca 4-1º","46007","Valencia-Spain",,,"+34 963853707",,0,1,
205,"Eurosérum","BP 17","70170","Port-sur-Saône, France",,"+33 (0)3 84 96 11 10","+33 (0)3 84 96 11 11","FR00400869277",0,1,
206,"Revala Ltd","Vae 2,  Laagri","76401","Harjumaa Estonia",," +372 6541 770","+372 6541 777","EE100562765",0,1,
210,"LEMASA, LECHES MATERNIZADAS S.A.","Polígono Industrial de León, Apartado413","24231","Onzonilla (León)",,"+34 987 21 35 00","+34 987 21 33 11",,0,1,
214,"Hoogwegt Poland Ltd","Szamocka 8","01-748","Warsaw, Poland",,"+48 22 257 60 27"," +48 22 257 60 00",,0,1,
216,"Lactoprot Deutschland GmbH - c/o Rovita GmbH","Mühldorfer Str. 10","84549","D - 84549 Engelsberg",,,,"DE 134 878 855",0,1,
54,"EIGENMANN E VERONELLI SPA","VIA WITTGENS 3","20123","MILANO",,,,"IT08670900151",1,1,2
164,"LATTERIA SORESINA SCA","VIA DEI MILLE 13/17","26015","SORESINA (CR)",,,,"00108110198",1,,
166,"ROYAL VIV BUISMAN","P.O. Box 5","NL-3633","AR Vreeland",,"+31 (0) 294 231747","+31 (0) 294 233054",,0,1,
174,"Agral S.A.","1 rue du Brabant Wallon","B 6180","COURCELLES",,"+32 (0) 71 46 01 42","		+32 (0)71 45 14 61",,0,1,
178,"CHEESE FILATA SOLUTIONS LTD","29,Greenlawns, Skerries, Co.","DUBLIN",,,,,"IE 9770093L",0,,
179,"ALIVAL SPA","VIA PORRIONE 118/122","51019","PONTE BUGGIANESE (PT)",,"0572932462","0572932411","11412360965",1,1,2
182,"BARENTZ SERVICE SPA","VIA PRIVATA GOITO, 8","20037","PADERNO DUGNANO (MI)",,,,"IT05015600967",1,1,2
219,"RAPUNZEL",,,,,,,,0,1,
222,"Pannontej Zrt.(gruppo Bongrain)",,,,,"+36 1 455 5009","+36 1 455 5000",,0,1,
225,"FOOD BROKER",,,,,"		+40 232 219 029","		+40 744 795 325",,0,1,
226,"TOSI & G. S.R.L.","VIA RISORGIMENTO 32","20059","VIMERCATE - MB",,"0396082895","0396082910",,1,1,2
229,"AZIENDA AGRICOLA BRUGNOLI F.lli","Vischeto, 131","43032","Bardi - Parma",,,," 02097490342",1,1,2
231,"ALIMENTA SRL","VIA GALASSI, 2","09131","CAGLIARI",,,,"02225700927",1,,
56,"INTERFOOD POLSKA SP. ZO.O","UL.MADALINSKIEGO 20/1C","02513","WARSZAVA, POLONIA",,,,"5262385104",0,1,
232,"3A LATTEARBOREA S.COOP. P.A.","STRADA 14 EST BIS","09092","ARBOREA",,"783800642","783804001","00029780954",1,1,
235,"Ostmilch  Handels GmbH","Kurfürstendamm 63","10707","Berlin",,"+49(0)1757214093","0049(30)3377398-26","DE 153346223",0,1,
236,"ALPENRIND GMBH","Metzgerstrasse 67","5020"," Salzburg",,"+43 662 457 854 3059","+43 662 457 854 305","43716608",0,1,
242,"XCHANCE GMBH&CO KG","BAUMSCHULENALLEE 20-22","30625","HANNOVER",,,,"DE275586715",0,1,
243,"SOCIETE EUROSER  SAS","5,BIS PASSAGE du Jeu de Paume","BP 41","F-89202 AVALLON Cedex",,,,"FR 04413730961",0,,
244,"CASEIFICIO PUGLIESE SPA","Via E. Elia, 10","10020","Lauriano",,"0119146496","01112173100","04443400017",1,,
246,"EURIAL SAS- EXPORT PGC","24, RUE DE LA RAINIERE","44327","NANTES CEDEX 03",,"0240683522","0240681818","FR76353543358",0,,
247,"F.LLI  PINNA  INDUSTRIA  CASEARIA  SPA","via F.lli Chigine,9","07047","THIESI (SS)",,,,"00061150900",1,,
252,"ZOTT SE & CO. KG","DR.STEICHELE STRASSE, 4","86690","MERTINGEN",,,"0049 15254704802","DE 127849306",0,,
253,"BRIANZA SALUMI DI VISMARA LUIGI & C. SRL","VIA DON MINZONI","23844","SIRONE ( LECCO)",,,,"00721890135",1,,
255,"STERILGARDA ALIMENTI SPA","Via Medole, 52","46043","CASTIGLIONE DELLE STIVIERE (MN)",,,,"01515590204",1,,
257,"BUSTAFFA EMILIO E FIGLI SPA","Piazzale giacobbe Bustaffa, 1","46031","BAGNOLO SAN VITO (MN)",,,,"00466940202",1,,
258,"CASEIFICI ZANI F.LLI S.P.A.","Via San Gervasio, 25","25020","Cigole (Bs)",,,,"00552030983",1,,
260,"Lactinov Abbeville","Z. I– Route de Vauchelles - B.P. 90524","80143","Abbeville CEDEX, France",,"+33 322249173","+33322206620","FR 44382586279",0,,
263,"CASEIFICIO MOR STABILINI SNC di Mor Stabilini Carl","via Roma, 33","26835","CRESPIATICA (LO)",,,,"10743320151",1,,
264,"BAYERISCHE  MILCHINDUSTRIE eG","Klotzlmullerstr.140","84034","LANDSHUT",,,,"DE 128965455",0,,
266,"MELKWEG  HOLLAND  BV","Johannes Bosboomlaan,50","PO box 486","67 10 BL EDE",,,,"NL801455807B01",0,,
267,"Lactoland Trockenmilchwerk GmbH","Wierlings Esch 50","48249","Dülmen, Deutschland",,"+49 2594-7906-150","+49 2594-7906-121"," DE 124467780",0,,
268,"PORCS QUALITE ARDENNE SCRL PQA","AVENUE DE NORVEGE, 14","B-4960","MALMEDY",,,"0032080770371","BE0439092076",0,,
271,"ŠKOLSKÉ HOSPODÁRSTVO – BÚŠLAK, spol. s r.o.","Dunajský Klátov 268","930 21","Dunajský Klátov",,,,"SK2020365468",0,,
279,"QUESOS  EL PASTOR-HIJOS  DE SALVADOR S.A.","Hijos de Salvador Rodriguez S.A.","49620","Ctra.Mozar KM1,S.Cristina de la Polvorosa Zamora",,,,"A49009350",0,,
280,"Cons.Fra I Caseifici Dell'Altopiano di AsiagoScarl","via F.Baracca,14","36012","ASIAGO (VI)",,,,"00258430248",1,,
282,"VAN LEE MELKPRODUKTEN BARNEVELD BV","Postbus 130","6740","AC Lunteren",,,,"NL803258811B01",0,,
283,"CME organics SL","TIRSO DE MOLINA, 36","0894","BARCELONA - SPAIN",,,,"ESB63642862",0,,
284,"FOODCOM SA.","Komedy 2/3","02-517","WARSZAWA, Polonia",,,,"PL5213680286",0,,
286,"VECHTENAER  B.V.","Postbus, 155  7770 AD Handelstraat 17L","7772 TS","Hardenberg Netherland",,,,"NL 82076716.5B01",0,,
287,"JERMI KAESEWERK GMBH","Ritter-Heinrich Strasse, 2-4","D-88471","LAUPHEIM-BAUSTETTEN",,,,"DE 144893343",0,,
288,"PROLACTEA  S.A.U.","Cta. Palencia, s/n.","49660","CASTROGONZALO, Zamora - Spain",,,,"ES A-49009863",0,,
289,"CASEIFICIO CEIRANO -  VILLOSIO SRL","VIA PRINCIPE AMEDEO, 14","12030","SCARNAFIGI (CN)",,,"017574121","03603970041",1,,
291,"AGRITURISMO IL MELO ROSSO","Via Ca' De' Vecchi, 1","27040","Fortunago (PV)",,,,"02291450183",1,,
292,"Consorzio produttori Latte Maremma soc agr coop","via Scansanese, 150","58100","Grosseto",,," 0564 26 393","00070500533",1,,
293,"MEGAMENTE","Via A.MARCONI, 56","51016","MONTECATINI TERME (PT)",,,,"01645810472",1,,
4,"RUMI DAIRY INTERNATIONAL","1, RUE DE LA CORDERIE - CENTRA 312","94586","RUNGIS CEDEX",,"+33145123209","+33145123200","FR49712025279",0,1,
294,"CARIONI FOOD & HEALTH SRL","V.DESGIOI, 5","26017","TRESCORE CREMASCO",,,,"01615070198",1,,
295,"PRIVATMOLKEREI BAUER GMBH & CO.KG","Molkerei-Bauer-Str. 1-10","83512","Wasserburg/Inn",,,,"DE815392334",0,,
299,"Sooc. Coop. PASTORI PERFUGHESI a.r.l.","Via Nazario Sauro, 6","07034","07034 PERFUGAS (SS)",,,,"00073890907",1,,
301,"SAS EUROVANILLE","Route De Maresquel","62870","Gouy Saint-Andr[è (France)",,,"0033 321900775","FR17449095678",0,,
302,"GENOLA LATTE SPA","Viale Matteotti, 17","18100","18100 – IMPERIA",,,,"00947800082",1,,
303,"Caseificio Sociale Manciano Soc. Agr. Coop.","Loc Piano di Cirignano - Podere Fedeletto","58014","58014 - Manciano (GR), Italy",,,,"00080580533",1,,
305,"EXQUISA ITALIA SRL","V.degli Artigiani, 31","39100","BOLZANO, Italia",,,,"02423830211",1,,
307,"ZEMAITIJOS PIENAS , AB","Sedos Str, 35","LT -87101","TELSIAI, Lithuania",,,,"LT 802407515",0,,
308,,,,,,,,,0,,
310,"MLECZARNIA GOSCINO SP.Z O.O.","ul HOZA, 51","00-681","WARSZAWA",,,,"PL 6690501153",0,,
311,"Frésena-Salland b.v.","Marktstraat 87","8102","CJ Raalte (NL)",,,,"NL802800944B01",0,1,
313,"NORBALAT SRL","V.dell'Ulivo, 5","70014","CONVERSANO, BA",,,,"06768590728",1,,
314,"EUROSERUM","Route de Villers BP 17","70170","Port sur Saone-France",,,,"FR 00400869277",0,,
315,"I BUONATAVOLA SINI SRL","P.ZZA A.MANCINI, 4 int.12 scala G","00196","ROMA",,,,"08532781005",1,,
317,"GEBR. FOERSTER GMBH","Abt-Wundert-Str., 11","D-97947","GRUNSFELD",,,"0049 93469210","DE811570078",0,,
318,"INDUSTRIAS LACTEAS ASTURIANAS, S.A.","Alcalà, 33","28014","MADRID, Spagna",,,,"ESA33006404",0,,
320,,,,,,,,,1,,
321,"ZUK ""Pienas LT""","Kokybes g.1","54469","Biruliskiu k.,Kauno r.LT",,,,"LT100004465913",0,,
322,"SALITER",,,,,,,,0,,
323,"J.M. GABLER - SALITER MILCHWERK GMBH & Co.KG","Kemptner Str.6-8","87634","Obergunzburg, Germany",,,,"DE128660536",0,,
324,"RB SCOUTING SRLS","Via Bravetta 202/C","00163","ROMA",,,,"13091341001",1,,
325,"AMALTEA SRL","Via Giacomo Puccini 14/A","20028","San Vittore Olona (MI)",,,"338 8021360","05767530966",1,1,
326,"AZIENDA CASEARIA PONTICORVO SRL","V.OLIVELLA snc","81012","ALVIGNANO ( CE) , Italia",,,,"03308380611",1,,
327,"SUDDEUTSCHE TRUTHAHN AG","Anger str.2","84539","AMPFING",,,,"DE153790842",0,,
6,"DANIEL S. GATTEGNO & SON S.A.","15, KLISTHENOUS STREET","10552","ATHENS",,"00302103221858","00302103211857","EL095012070",0,1,
329,"FUENTE HUMORERA SL","CALLE REAL SN","09558","RIOSECO VALLE DE MANZANEDO,BURGOS Spain",,,,"ESB09387770",0,,
331,"FREILAND PUTEN","Gewerbering 5","D-85777","FAHRENZHAUSEN",,,,"DE186887603",0,,
332,"SOLAREC S.A.","Route de Saint Hubert, 75","6800","RECOGNE, BELGIO",,,,"BE0442442140",0,,
333,"SCHUTTEN & LEMMERHOLZ Handelsgesellschaft MBH","Sperberweg 4 L","41468","NEUSS, Germany",,,,"DE 812410600",0,,
334,"SODIAAL INTERNATIONAL","TSA 60094-75440 PARIS CEDEX 09","75440","75440 PARIS CEDEX 09, FRANCE",,,,"FR65352726194",0,,
336,"DAIRY HUB sp. z o.o.","Pl. Inwalidów 10","01-552","01-552 Warsaw- Poland",,,,"PL5252762829",0,,
337,"FORMAGGI DEL PIAVE CASEIFICIO F.LLI CASTELLAN","Via Sottotreviso, 45","31047"," 31047 Ponte di Piave (TV)",,,,"02021620261",1,,
339,"CASEIFICIO LONGO S.R.L","Rivarolo Canavese - Via Leonardo Da Vinci, 43","10086","Rivarolo Canavese",,,,"06357760013",1,,
340,"Louis Dreyfus Company B.V.","Westblaak 92","3012","Netherlands",,,,"NL007112555B01",0,,
341,"Peter Emming Agrarkontor - und Handel GmbH & Co.KG","Winterswijker Straße 8","46354","46354 Oeding",,,,"DE300725637",0,,
342,"Milkada sp. z o.o.","ul. Mickiewicza 37/58","01-625","01-625  Warsaw, Poland",,,,"PL5252625819",0,,
343,"KANEGRADE Ltd.Ingredients House
Ingredients House","Stevenage, Hertfordshire","SG1 2DF","Hertfordshire, ENGLAND",,,," GB409564145",0,,
344,"TENES DAIRY TRADING","Avenida de Valladolid, 75, 6º B","28008","Madrid, España",,,,"B88348602",0,,
347,"Food & Dairy Magyarorszag Kft.","Kossuth Lajos utca 79","2161","Csomád (Hungary)",,,,"HU25924624",0,,
348,"HOOGWEGT  POLAND  LTD.","Szamocha , 8","01-748","WARSZAWA, Polonia",,,,"PL 5270103416",0,,
349,"Az. Barozzi S.S. Agricola","Strada Isolagrande 201","15073","Castellazzo B.da (AL)",,,,"01384320055",1,,
350,"Allgäuer Hof-Milch GmbH","Theodor-Aufsberg-Straße 10","87527","87527 Sonthofen",,,,"DE306518968",0,,
352,"E.T. Formaggi S.r.l.","Z.I. S.S. 131 Bis","07047","Thiesi (SS)",,,,"02293300907",1,,
354,"IDO Ingredient Dairy Optimization","Rue Philippe Lebon , 46","35000","RENNES, Francia",,,,"FR34802342071",0,,
355,"Unipolcom S.A.","ul. Królowej Marysieńki 9 lok 8","02-954","02-954 Warszawa",,,,"PL5213548227",0,,
47,"UNIPROCA SOC.COOP.","C/Carnicerìas,17","45600","Talavera de la Reina (Toledo)",,"925813162","925805912","F45741329",0,1,
358,"ASPI SOCIETA AGRICOLA","s.s. 131 km. 40,200 Loc. Villasanta c.p. 45","09025","09025 Sanluri, SARDEGNA",,,,"00656540952",1,,
359,"Ausnutria B.V.","Dokter van Deenweg 150
8025 BM Zwolle","8025","The Netherlands",,,,"NL856806171B01",0,,
360,"CARNS DE CONFIANCA, S.L.","C/Diagonal 9, Baixos","17530","Campdevanol - Girona - SP",,,,"ESB17936725",0,,
362,"SM FORMAGGI S.r.l.","Località San Martino","58025","Monterotondo Marittimo (GR)",,,,"01557240536",1,,
363,"LEONTEUS SRO","Ventùrska 3","81101","Bratislava SK",,,,"SK2022914025",0,,
365,"LATTEA GROUP LTD","KAZBEK UL","1618","SOFIA, BULGARIA",,,," BG205356059",0,,
366,"TALIMA Srl","Pfeffersberger Straße 6 Via Monteponente","39042","39042 Brixen-Bressanone",,,,"02899860213",1,,
367,"Caseificio F.lli Nobili S.r.l.","Via Enrico Fermi, 13","35030","35030 Sarmeola di Rubano (PD",,,,"00227840287",1,,
369,"Nöll & Co. GmbH","Oberer Westring 7a","33142","D-33142 Büren",,,,"DE 125693886",0,,
370,"LATTERIA SOCIALE SOGLIANO AL RUBICONE COOP.AGR.","Via Sonnino 35/A","43126","Parma",,,,"02875170348",1,,
371,"ETS.FREDDY BAINES","St. Katelijnevest 54 – 2000 Antwerpen (Belgium)","2000","Antwerpen (Belgium)",,,," BE 0404815048",0,,
372,"UNIONPLUS SRL SOCIETA' UNIPERSONALE","Forum Galilei, Via G. Galilei 10,","39100","39100 Bolzano - Bozen (BZ) Italy",,,,"10014861008",1,,
373,"BURRO E FORMAGGI GIOVE SRL","V.LOBEFARO, 2","70029","SANTERAMO IN COLLE, BARI",,,,"06884860724",1,,
374,"AZ. MANDRINI ROBERTO","Via Pollini, 11","27030","Villanova Ardenghi (PV)",,,,"01692960188",1,,
375,"GRANJAS ECOLOGICAS S.L.U.","C/GURRI, 2","08553","SEVA, BARCELLONA, SPAIN",,,,"B65610404",0,,
377,"POLSER SP. ZO. O .","ul. Włocławska 167","87-100","87-100 Toruń, POLAND",,,,"PL9562125711",0,,
378,"
Okręgowa Spółdzielnia Mleczarska",,,,,,,,0,,
379,"
Okręgowa Spółdzielnia Mleczarska",,,,,,,,0,,
383,"Kondov Ecoproduction Ltd.","9, Liubotran Street","1407","1407 Sofia, Bulgaria",,,,"BG110003234",0,,
384,"ILLVA SARONNO S.P.A.","VIA ARCHIMEDE 243","21047","21047 SARONNO (VA)",,,,"02649100126",1,,
385,"FUNKY FIELDS","DAMGADE, 6 - 2nd","6100","  HADERSLEV - DENMARK",,,,"31764483",0,,
387,"TONIOLO CASEARIA S.P.A.","Via Molinetto, 47/49","31030","31030 Borso del Grappa (TV)",,,,"01217950268",1,,
129,"Cooperativa Ganadera del Valle de los Pedroches","C/ Mayor, 56","14400","Pozoblanco (Córdoba)",,"957 773845"," 957 773 888","F14014245",0,1,
389,"Burrificio la Goccia Bianca S.r.l.","Via Villani, III traversa n° 16","80051"," 80051 Agerola",,,,"01430421212",1,,
391,"GESTION AGRO GANADERA S.L.","Carretera Salamanca km 32","49400","49400 Fuentesauco (Zamora-Spain)",,,,"ES B37291796",0,,
392,,,,,,,,,0,,
393,"Peter Emming Agrarkontor GmbH & Co. KG","Winterswyker Straße 8","46354","46354 Südlohn-Oeding GERMANY",,,,"PL5263202749",0,,
394,"FOOD NORD  Ingredients ApS","    Noerre Alle

    6070 Christiansfeld","6070","Christiansfeld, DK",,,,"DK16976377",0,,
396,"Alnia,Indústria de Leite e Derivados Lda","Zona industrial s/n,","6370","6370-128 Fornos de Algodres PORTUGAL",,,,"PT 510150535",0,,
397,"PLATAFORMA INTERPROFESIONAL LACTEA INDEPENDIENTE","Paseo Rosales,18","50008","ZARAGOZA, SPAIN",,,,,0,,
398,"Estover Piimatööstus OÜ","Kaarljärve, Elvavald, Tartumaa","61104","61104, Estonia",,,,"EE100612068",0,,
403,"Centrale Laitière Vallée d'Aoste srl","Fraz. La Cure de Chevrot, 11","11020","11020 Gressan (AO)",,,,"01064320078",1,,
404,"Zerodue S.r.l.","via Giacinto Bruzzesi 37 – 20146 Milano","20146","MILANO",,,,"02559660036",1,,
406,"Valfoo AG","Technoparkstrasse 1","8005",", 8005 Zürich, Switzerland",,,,"DE 292606889",0,,
407,"Latteria di San Marino SRL","Strada Cando, 7","47898","47898  Montegiardino - Repubblica di San Marino",,,,,0,,
408,"La Bergerie de Lozere","Zone HQE – 48 500 LA TIEULE","48500","LA TIEULE, FRANCE",,,,"FR68394295448",0,,
409,"Dairy Merchants B.V.","Grote Voort 293A","8041 BL","Zwolle, the Netherlands",,,,"860323596B01",0,,
410,"Varesco Trading Srl unipersonale","Via Alto Adige, 40","39100","39100 Bozen / Bolzano BZ – Italy",,,," IT02607450216",1,,
413,"DUPALL S.r.o.","NOVAKOVA 554/6","03601","MARTIN- SLOVACCHIA",,,,"SK2121302337",0,,
414,"SARA MT s.r.o.","Novákova 554/6","03601","Martin- Slovenská Republika",,,,"SK2121163187",0,,
415,"DALMA SP. Z O.O.","UL. SIENKIEWICZA 11","18-200","18-200 WYSOKIE MAZOWIECKIE, POLAND",,,,"PL72216326 30",0,,
416,"Brazzale S.p.A.","Via M. Pasubio, 2","36010","36010 Zanè (VI) Italia",,,,"00160480240",1,,
417,"Scaldis Food BV","Stationsstraat 5","4571","4571 LA Axel, NL",,,,"NL 858512440B01",0,,
418,"OLA SRL","Via Luca Giordano, 66","80046","80046 San Giorgio A Cremano (NA)",,,," IT06336931214",1,,
419,"DEJONG CHEESE","HET SAS 14","5131","RC ALPHEN NB",,,,"NL806506040B01",0,,
234,"Consorzio Terre di Montagna s.a.c.","Via Spingiola 31"," 41055"," Montese (Mo)",,"059-9751199","059-981802","03176710360",1,,2
420,"LATTERIA E CASEIFICIO MORO SRL","Via Postumia, 28/1","31045","MOTTA DI LIVENZA",,,,"00302410261",1,1,
421,"Qualia Lácteos S.L.","Ctra. de Puertollano, s/n","13580","Almodóvar del Campo (Ciudad Real) , SPAIN",,,,"B13122122",0,,
422,"Devodier Prosciutti S.r.l.","Via Ponticella, 4","43037","Lesignano De' Bagni (PR)",,,"+39-0521-861070","00256130345",1,,
423,"Baltima Sp. z o.o.","ul. Aleja Zwycięstwa 245, 81-525 Gdynia","81-525","Gdynia",,,,"5861021360",0,,
424,"VARESCO POLAND SPÓŁKA Z OGRANICZONĄ","ul. Rejowska 99,","26-110","26-110 Skarżysko-Kamienna, Polska",,,,"PL6631885904",0,,
425,"INNOLACT S.L.  ( QUESCREM )","POL. IND. CASTRO RIBERAS LEA, PARCELAS 54-57","2260","27260 CASTRO DE REI (LUGO),SPAIN",,,,"ESB27341502",0,,
426,"Nordic Ingredients ApS","Trindsøvej 6","8000"," Aarhus",,,,"45602362",0,,
427,"COVAP. SCA GANADERA DEL VALLE DE LOS PEDROCHES","C/Mayor, 56","14400","Pozoblanco (Córdoba), SPAGNA",,,,"ES14014245F",0,,
428,"LAKELAND DAIRIES Co-Operative","Dublin Road","H12 NP74","Killygarrry, Cavan - H12 NP74",,,,"BE1007 405 970",0,,
237,"ORGANIC MILK SUPPLIERS COOPERATIVE LTD (OMSCo)","501 Parkway, Worle","BS226WA","SOMERSET, UK",,,,"GB 880 0647 24",0,,
7,"LATTERIA SOCIALE MANTOVA  S.A.C.","VIA F.LLI KENNEDY 48","46047","SAN ANTONIO DI PORTO MANTOVANO",,"0376396250","0376390808","00156130205",1,1,2
8,"CASEARIA DI SANT' ANNA SRL","VIA SPARATE 1","40011","ANZOLA EMILIA",,"0513170147","051739659","02554921201",1,,
9,"FUDE & SERRAHN GMBH","ENGLISCHE PLANKE 2","20459","HAMBURG",,"00494030088310","00494030088300","DE813279619",0,1,
19,"THISE MEJERI AMBA","SUNDSOREVEJ 62","7870","THIESE ROSLEV DK",,"004597578122","004597578001","DK12425694",0,1,
20,"FRIESLAND CAMPINA ITALY SRL","VIA PARACELSO 18","20041","AGRATE BRIANZA",,"+39 039 60.72.509","+39 039 60.72.511","IT07338171007",1,1,2
21,"GALLI SRL","VIA VERDI 10","43010","PIEVEOTTOVILLE (PR)",,"+39 0524 95024","+39 0524 95123","IT00348820341",1,13,2
22,"AB&T SRL","VIA CARLO URBINO 9","26013","CREMA CR",,"03721871945","03721871946","IT01085050191",1,13,2
23,"LAVAGNA SRL","VIA S.ANTONIO 10","18012","BORDIGHERA (IM)",,,"0184260838","IT00070400080",1,13,2
11,"BERGPRACHT - MILCHWERK GMBH","EISENBACHER STR. 4","88069","TETTNANG - SIGGENWEILER",,"00497542933440","0049754293340","DE145383751",0,1,
12,"KOROS - MAROS BIOFARM KFT","KULTERULET TANYA 2","5711","GYULA",,"+36 66 460 747","+36 66 460 914","HU10489165",0,1,
52,"GHIZZARDI CATERINA","VIA MEZZANA S.ANTONIO 1","46018","SABBIONETA (MN)",,,,"01766980203",1,1,2
14,"MONTANARI E GRUZZA SPA","VIA NEWTON, 38","42124","GAIDA (RE)",,"0522 944129","0522 944251","00142660356",1,13,2
15,"FONTANA ENZO SRL","SS 10 KM 171,200","29010","SARMATO",,"0523 886240","0523 886220","IT01317310330",1,13,2
69,"EMMI INTERNATIONAL LTD","WINKELWEG 4 - PB 545 CH","3422","KIRCHBERG",,,,"CHE-116.274.242",0,,
17,"A. SAUMWEBER GMBH","EMIL GEIS STRASSE 3-7","81379","MUENCHEN",,"00498974216113","0049897421610","DE129275834",0,1,
18,"INTERMILK MILCHGROSSHANDEL","KESSENICHER STR. 11","53129","BONN DE",,"0049 22882320031","0049 22882320020","DE267337177",0,1,
25,"FALLINI FORMAGGI SRL","VIA VERDI 16","42043","GATTATICO RE",,"0522 908783","0522908824","IT00840780340",1,1,1
26,"DE BRANDT DAIRY INTERNATIONAL","HOOGVELD 89","9200","DENDERMONDE",,"003252223739","0032522247799","BE0400282475",0,1,
28,"A.N.D. CHEESE TRADE BV","TIJNJEDYK 91","8936","AC LEEUWARDEN",,"0031 58 288 01 52","0031 58 288 71 30","NL816997299B01",0,1,
29,"DALE FARM HOUSE LTD","15 DARGAN ROAD","BT3 9LS","BELFAST",,"+44 2890771442","+44 2890 370903","GB778609669",0,1,
33,"PADANIA ALIMENTI SRL","Via E. Fermi 79 S/S Castelnuovese","26041","CASALMAGGIORE (CR)",,"03752843235","037528431","IT 00838140192",1,13,2
38,"LEBLOND SOCOBEUR","6 Rue de Paris B.P. 40006","95380","LOUVRES",," 00331 34 72 31 30","00331 34 68 72 23","FR20722045143",0,1,
41,"INTERFOOD BV","Lange trekken, 42","5531","PZ BLADEL",,,"0475-566800","NL006776917B01",0,1,
42,"Société ROCHEBILLARD ET BLEIN","Rue de la Chapelle","42780","Violay",,,"33-4-74639218","FR25405880758",0,1,
44,"OLFOOD SRL","Via Enrico Fermi 11","25022","Borgo San Giacomo",,"030 9487427"," 030 940251","02946260987",1,1,2
45,"VIAMILK INC.","Zemedelska 897","500 03","Hradec Kralove",,"495 546 690","495 546 690","CZ28764871",0,1,
46,"GREENFIELDS IRELAND LIMITED","123 York Street","BT151AB","Belfast",,"+44 28 9032 6375","+44 28 9024 7448","GB617574228",0,1,
220,"FORESTI SPA","VIA BRESCIA 7","25023","GOTTOLENGO (BS)",,,,"IT00632970984",1,13,2
40,"ENTREMONT ITALIA SRL","Via Giotto 3, 20090 Segrate (MI)","20090","SEGRATE (MI)",,"39 02 37059078","39 02 37059076","IT01458160353",1,,
13,"CONSORZIO NATURA E ALIMENTA","VIA CIRCONVALLAZIONE 4","10011","AGLIE'",,"0121341221","0121341167","IT08689830019",1,1,2
5,"DE GROENE WEG","attn. Shared Service Center POSTBUS 1","5280 AA","BOXTEL",,"0031544473261","0031544473260","NL005840090B01",0,1,
53,"TAURUS MILKPRODUKTE Gmbh & Co.","Buxacher Strasse, 28","87700","MEMMINGEN",,,,"DE811677867",0,1,
261,"Caseificio F.lli OIOLI S.r.l.","Via Castello, 12","28010","CAVAGLIETTO (NO)",,"0322 806611","0322 806251","01428180036",1,,
103,"CONTRACTUS Sp. Z o.o.","ul. Bukowińska 24A/58","02-703","WARSZAWA",,,"48 22 847 54 87","PL5260013781",0,1,
297,"AZ. AGR. CASCINA CORTENUOVA di Invernizzi Mario","Strada Rivoltana, KM 16","20060","Trucazzano (Mi)",,,,"07221770154",1,,
254,"GRANJAS ECOLOGICAS S.L.","c/ Gurri, 2","08553","Seva - Barcelona",,,,"ESB65610404",0,,
265,"Molkerei Seifried GmbH","Wildenauerstraße 11","A-5252","Aspach",,"+43 7755 7305 11","+43 7755 7305 15","ATU21510103",0,,
262,"GETI  TRADE   SA","Champs Penys, 3","1295","MIES, Switzerland",,,,"DE 234648571",0,,
281,"QUESOS ROCINANTE, S.L.","Ctra.Toledo s/n","13420","MALAGON, Ciudad Real - Spagna",,,,"B46146080",0,,
63,"EMMI  SCHWEIZ AG /EMMI INTERNATIONAL LTD","Sationsstrasse, 21","CH 6252","DAGMERSELLEN (CH)",,"+41 41 227 27 37","+41 41 227 27 27","CHE- 116.274.242",0,1,
125,"APOLLO Milchprodukte GmbH","Hoffmannallee 55","47533","Kleve (Germany)",,"+49 2821-75 98 88","+49 2821-75980","DE 120051183",0,1,
65,"INALCHIM SRL","via Luigi Sacco,8","20146","MILANO",,"+39 02 6108379","+39 02 66504902","07529700960",1,1,2
70,"VOECKLA KAESEREI Reg Gen M.b.H.","Fellern, 14","4891","Poendorf",,,"0043 07684 7108",,0,1,
72,"NORBERT KOLER","Ifingerweg, 5","39010","Tscherms (BZ)",,"0473550212","0473 559429","IT 00214270217",1,,2
74,"MILKTRADER KFT.","Nagybarati-puszta","7563","Somogyszob",,"0036 82/553-601","0036 -82/ 553 600",,0,1,
50,"CUNICO RAPPRESENTANZE","Via Alessandro Rossi, 111","36013","Piovene Rocchette (VI)",,," 0445652011","IT00811670249",1,1,2
88,"AGRI PIACENZA LATTE","Via Colombo, 35","29100","Piacenza",,"0523 607375","0523 610171","01382310330",1,,1
89,"VENCHIAREDO SPA","Via Ippolito Nievo, 31","33079","Ramuscello di Sesto al Reghena (Pordenone)",,"0434. 690936","0434. 690333","IT01558410930",1,1,2
142,"LAITA","4, Rue Henri BECQUEREL ZI de Kergaradec","29806","BREST cedex 09",,"02 98 42 54 24","02 98 42 54 25",,0,1,
99,"SOUFFLET GROUP","Quai Sarrail","10402","Nogent sur Seine",,,,,0,1,
71,"FREIE MILCH AUSTRIA GmbH","Ennser Str.37","4407","Steyr",,"07252 73839-20","07252 70839-0","ATU 53832802",0,1,
73,"GEMERMILK RS s.r.o.","Bèlu Bartòka, 41","97901","Rimavskà Sobota",,,"0904 354 798","SK 202 129 4616",0,1,
67,"3 B LATTE DI BERTONI FLORINDO & C. SNC","VIA COLOGNO 10","24053","BRIGNANO GERA D'ADDA",,"0363 817034","0363 814581","IT01670860160",1,1,2
90,"CENTRO LATTE BRESSANONE SOC.AGR. COOP-BRIMI","Via Brennero, 2","39040","Varna (BZ)",,"0472 2271399","0472 271300","00099750218",1,13,2
87,"MASMAL DAIRY SP Z.O.O","8 Magazynowa St.","86300","Grudziadz",,"+48 56450165","+48564501622","8762444308",0,1,
208,"VEGELAND BV","Munsterstraat 11","7575 ED","OLDENZAAL, Netherlands",,"+31 541 293497","	+31 541 293592","	817204532B01",0,1,
100,"Marijampolės pieno konservai UAB","Kauno g. 114","LT-68108","Marijampolė",,"+370 343 98431","+370 343 98450",,0,1,
106,"CHISHOLM","Roháčova 188/37","130 00","Prague 3",,,"420-724-144-434",,0,1,
131,"LAKTOS a.s.","Nová cesta , 17","140 00","Prague 4",,"+420 220 407 112","+420 220 407 111","CZ 26460726",0,1,
270,"Latteria Sociale Valtellina s.c.a.","S.S.Stelvio, 139","23014","DELEBIO(SO)",,"0342.684263","0342.685368","00071150148",1,,
278,"LACTO  FOOD  A/S","LYSHOLT ALLE'  , 6","7100","VEJLE, DENMARK",,,,"DK21658871",0,,
275,"PLAC Produttori Latte Associati Cremona S.c.a.","Via Ostiano, 70","26043","Persico Dosimo (CR)",,"0372 455660","0372 455646","00114170194",1,2,2
272,"Alpha Milkpowders Holland B.V.","Mr. van Coothstraat 9","5141 EP","Waalwijk, Holland",,,,"NL003521473B01",0,,
101,"COLVET","C/ Villanueva nº 11","28001","Madrid",," 915783468","914353535",,0,1,
256,"MADETA a.s.","Rudolfovská 246/83","37050","České Budějovice",,"+420 387 411 937","+420 382 476 278","CZ 63275635",0,,
273,"Alpha Trading Company","Mr. van Coothstraat 9","5141 EP","Waalwijk",,,,"NL003335665B01",0,,
111,"MEADOW FOODS","Marlston Court, Chester","CH4 9JS","Cheshire",,,"01244 680 071",,0,1,
207,"RUVIOLI SRL","VIA FEROLDI, 23","25026","PONTEVICO (BS)",,,,"02081870988",1,,
115,"GIUSTO FARAVELLI SPA","Via Medardo Rosso, 8","20159","MILANO",,"02 680966","02 697171","03224410153",1,1,1
148,"BEURRE SPA","Avda de los Castillos nº1B","28692","Villanueva de la Cañada",,,"+34 91 81 00 976","ESB85388114",0,1,
93,"GENOLA  LATTE  SPA","VIALE MATTEOTTI, 17","18100","IMPERIA",,,,"00947800082",1,13,2
108,"ACCOM GROUP CZ","Na pláni 1997/41","150 00","Praha 5",,,,"25112228",0,1,
112,"AGRI DAIRY",,,"IRVINE (CA)",,,"914-697-9585",,0,1,
114,"SPOLDZIELNIA MLECZARSKA RYKI","ul. Żytnia 3",," 08-500 Ryki",,"(+48) 81 865 12 69","81 865 16 07",,0,1,
32,"GRA-COM SRL","Via Emilia Est, 90/A","41013","CASTELFRANCO EMILIA",,"059920753","059924104","01313570366",1,1,1
119,"DALLA TORRE DOROTEA SRL","VIA de San Gioan,5- Fraz. Rallo","38010","TASSULLO (TN)",,,,"00253230221",1,,
277,"CANDIA","78 Rue de la Vilette","69425","LYON Cedex 03",,,,"FR57352014955",0,,
37,"GLAESERNE MEIEREI GMBH","Meiereiweg, 1","19217","DECHOW",,"+49  38822 828210","+49  38822 82820","DE217622290",0,1,
121,"BIO SERVICE","Zweiländerstrasse 8","A-3950","Gmünd",,"+43 2852 54343 59","+43 2852 54343 58","ATU42539801",0,1,
298,"Dragsbæk A/S","Simons Bakke 46","7700","DK-7700 Thisted  Danimarca",,,," DK89318718",0,,
109,"LACONA Nahrungsmittel Handelsgesellschaft mbH","Hofmark 4a","D-84174"," Kronwinkl",,"+49087097327","490870992130","DE 128956116",0,1,
212,"MAMMEN CHEESE A/S","Vesterballevej 25A","7000","Fredericia, Denmark",,"+45 74 53 24 00","+45 74 53 24 30",,0,1,
211,"AGUS SP. ZO.O.","Pl. Piłsudskiego 3","00-078","Warszawa, Poland",,"+48 22 313 29 01","+48 22 313 29 00",,0,1,
98,"LACTO FOOD - LACTO PRODUCTION","ZI La Brohinière","35 360","Montauban de Bretagne",,,," FR57441610557",0,1,
215,"Dalter Alimentari Spa","via Val d'Enza 134"," 42049","Sant'Ilario d'Enza (RE)",,"+39 0522 673690","+39 0522 901101","00509530358",1,1,2
200,"CASEIFICIO PALENI S.R.L.","VIA SAN LORENZO IN CAVELLAS","24060","CASAZZA (BG)",,"035.813109","035.813033","02708950163",1,13,2
217,"CORMAN ITALIA SpA","Fraz, Quarto Inferiore, 275/G","14100","Asti",,,"0141.279611",,1,1,
24,"ECOVAL DAIRY TRADE","Takenhofplein 6, 1st floor","6538 SZ","NIJMEGEN",,"+31 24 3277770","+31 24 3277765","NL817335559B01",0,1,
304,"C. OLSEN TRADING Sp. Z.o.o.","Sobieszynska , 9","00764","Warszawa",,,,"PL 521 106 4181",0,,
146,"BAYERNLAND SRL","Via Giovo 23","39049","Vipiteno (BZ)",,"0039 0472 76 66 42","0039 0472 72 31 11",,1,1,2
123,"OMIRA Oberland-Milchverwertung GmbH","Jahnstraße 10","88214"," Ravensburg(Deutschland)",," +49 751 887-109","+49 751 887-0","DE 234699129",0,1,
144,"FIVEEXPORT LTD.","4 Hillside Drive","NG10 4AH","Long Eaton, Nottingham",,,"00441159468709",,1,1,
138,"LATTERIA SORESINA SCA","Via Dei Mille, 13/17"," 26015","Soresina (CR)",,"0374/349299","0374/349111","00108110198",1,1,2
165,"Glory Business Enterprise",,,"HONG KONG",,,"852--64929723",,0,3,
159,"SALZBURGMILCH GmbH","Milchstraße 1","A - 5020","Salzburg",,"+43(0)662 24 55105","+43(0)66224550","ATU 37269004",0,1,
170,"TRIGONA DAIRY TRADE","Postbus 139","6940 AA","Didam",,"+31 (0) 316 342839","+31 (0) 316 342832","NL804572057B01",0,1,
143,"EILERS & WHEELER (UK) Ltd","112 Tooley Street","SE1 2TH","London",,"0044 (0)207407 2788","+442079399209","GB 362 3372 64",0,1,
81,"ANDECHSER MOLKEREI SCHEITZ GmbH","Biomilchstr.1","82346","Andechs",,"0049 (0)8152 379-0","0049 (0)8152 /379-0","DE 202 384 859",0,1,
95,"LACNEA","Spanelska 6","120 00","Prague 2",,"+420 224 226 879","+420 495 496 086",,0,1,
147,"BARBERS","AJ & RG Barber Limited
Maryland Farm"," BA4 6PR","Shepton Mallet
Somerset",," +44 (0)1749 860678","+44 (0)1749 860666","GB 129 9294 30",0,1,
134,"CASEIFICIO CAMPIOTTI E C. (S.N.C.)","Via Villanuova, 12","25030","ROCCAFRANCA (BS)",,,"0307090123","00637360983",1,1,2
140,"MILK TRADER","Nagybaráti-puszta","7563","Somogyszob",,"+36-82/553-601","+36-82/553-600",,0,1,
136,"INTERLACTO spol. s r.o.","Koubkova 13/228","120 00","Praha 2",,"+420/222 512 951","+420/222 515 398,","CZ45243701",0,1,
168,"FONTERRA","Eurocentre 2 Barbara Strozzilaan 356 - 360","1083 HN","Amsterdam",,"+31 20 707 5398/9","+31 20 707 5363",,0,1,
127,"CAPRILAC",,,,,"+61 3 9798 8648","+61 3 9798 8578",,0,1,
155,"Zueger Frischkaese AG","Industrie Haslen 9a","9245","Oberbüren",,,"+41 71 955 98 7",,0,1,
151,"Spółdzielcza Mleczarnia Spomlek","ul. Gen. F. Kleeberga 12","21-300","Radzyń Podlaski",,"+488335 28 490","+488335 11 500","538-000-26-04",0,1,
160,"WORLD WIDE CHEESE B.V.","Westerspoor 4","1687 AZ","Wognum(NETHERLANDS)",,"+ 31 (0)229542230","+31 (0)22954 2506",,0,1,
171,"Mlekoma Sp. z o.o.","ul. Łotewska 5A","03-918","Warszawa",,"+48 22616 37 75","+48 22616 18 05",,0,1,
43,"FORMA TRADING SRL","V. Ponchielli, 6","20063","Cernusco sul Naviglio",,"0292111909"," 02 92111906","08433070961",1,1,2
183,"Kerry Ingredients & Flavours","Via Capitani di Mozzo 12/16","24030","Mozzo (BG)",,"+ 39 035 463803","+ 39 035 468566",,1,1,2
75,"CASEIFICIO Soc. GARDALATTE S.c.a.","Località Cassetta, 4- S.S.11","25017","Lonato (BS)",,"030 9132795","030 9913664","00553330986",1,1,2
128,"FORLACTARIA","Avda. Reyes Católicos, 135","02600","VILLARROBLEDO (Albacete)",,"+34 967 028 004"," +34 902 141 750",,0,1,
139,"BELGOMILK cvba","Fabriekstraat 141 - haven 1140","9120","Kallo",,"0032 (0)3 730 19 00","0032 (0)3 730 18 00",,0,1,
161,"PADOVANA MACINAZIONE S.R.L.","Viale dell'Industria 72 int. 1 ZONA INDUSTRIALE","35129","Padova",,"+39 049 8077674","+39049 7800325","02003430283",1,1,2
152,"ERU Hungária Sajtgyártó Kft."," Nagytétényi út 13,17.","H-1222","Budapest,",,,"+36 (1) 2266733104",,0,1,
156,"D'APICE CONSULTING","P.zza della Vittoria 7","I-39100","Bolzano (BZ)",,"+39 0471 276 098","+39 0230 314 356","02460790211",0,1,2
172,"Spółdzielnia Mleczarska MLEKPOL","ul. Elewatorska 13","19-203","Grajewo",,,"+48 (86) 273 04 00",,0,1,
184,"GEDIMEX","Bergelen 77","8560","Gullegem, BELGIUM",,"+32 56 420255","+32 56 431025",,0,1,
245,"EASTBROOK FARM ORGANIC MEATS LTD.","The Calf House, Cues Lane","SN6 8PL","Swindon, Wiltshire",,,,"685741006",0,,
238,"NORBERT MARCHER GMBH","KASERNENGASSE, 12","A-9524","VILLACH-Austria",,,,"ATU 26634504",0,,
102,"Laktopol International Sp. z o.o.","Bosutów, ul Tadeusza Kościuszki 108","32-086","Węgrzce",,"0048 22 412-15-31","0048 22 412-15-31","PL5130160667",0,,
83,"OEMA BEER GmbH","Immenrieder Str. 4","88353","Kisslegg",,"+49(0) 7563-3312","0049 (0)7563 9114-0",,0,1,
173,"RACHISHOLM","2 Bloor Street West","Suite 3300","TORONTO",,"416) 967-9457","416) 967-6000",,0,,
126,"LEEB BIOMILCH GMBH","Sauternstraße 13","A-4553","Schlierbach",,"+43 (0) 7582 81029","+43 (0) 7582 81029","ATU52274408",0,1,
188,"INGREDIA SA","51 Av. Lobbedez","CS 60946","62033 Arras Cedex , FRANCE",,"0033(0)3 21 23 80 00","0033(0)3 21 23 80 26",,0,1,
130,"Hyproca Dairy Products B.V.","Hammerweg 25","7731 AH","Ommen ( Netherlands)",,"+31 (0)84 830 24 69","+31 (0)546 714401","NL009257251B01",0,1,
145,"DAIRY CREST","Claygate House Littleworth Road","KT10 9PN","Esher Surrey",,,"0044 01372 472200",,0,1,
30,"ARLA FOODS GMBH","Wahler Str. 2","40472","Düsseldorf",,"0049021147231-66","0049021147231-0","DE232094894",0,1,
150,"AB ''PIENO ZVAIGZDES''","Perkunkiemio, 3","LT-12127","VILNIUS, Lithuania",,"+370 443 97504","+370 443 97503","LT246655314",0,1,
175,"BARTEX Sp. z o.o.","ul. Dworcowa 4a","14-400","Pasłęk",,"+48 55 249 99 32","+48 55 248 12 22",,0,1,
191,"Okodorf Brodowin Meierei GmbH & Co. Betriebs KG","Weißensee 1","16230","Brodowin",,"033362 - 60030","033362 - 60018",,0,1,
196,"Lacteas Garcia Baquero","C/ Syrah, nº 4. Poligono Industrial Alces,","13600","Alcazar de San Juan, Ciudad Real",,"+34 926 588016","+34 926 588015",,0,1,
113,"DAIRYGOLD FOOD INGREDIENTS LIMITED","Clonmel Road",,"Mitchelstown Co. Cork Ireland",,,"+353(0)2524411","0431600F",0,1,
202,"FOOD AGENCY","2 Str VEAKI  .TK","42100","TRIKALA -GREECE",,"+302431026706","+302431026706",,0,1,
204,"AB TECHNOLOGIES ALIMENTAIRES","Z.A. de Kervendras","56250","SULNIAC, FRANCE",,"+332 97 53 1717","+332 97 53 100","FR22 424 761 419",0,1,
163,"MUENSTERLAENDISCHE MARGARINE-WERKE J.LUELF GMBH","Midlicher Straße 7","D-48720","Rosendahl-Osterwick",,"+49 0 25 47 70-30","+49 0 25 47 70-0",,0,1,
176,"Kaptein BV","Kramersweg 7","1901 NP"," Castricum",,"0031 251 66 48 10","0031 251 66 48 00","NL008273510B01",0,1,
296,"KOLIBA TRADE , s.r.o.","Krivec 3057","96205","Hrinova - SLOVAKIA",,,,"SK7120001438",0,,
227,"Gmundner Molkerei","Theresienthalstr.16","4810","Gmunden",,"+43 (0)7612 782 39","+43 (0)7612 782 50","ATU 23410609",0,1,
213,"INTERGRANA SRL","via Pietro Nenni n. 20","43012","Fontanellato (Parma)",,"+39 (0)521 824745"," +39 (0)521 822079","01956010340",1,1,2
224,"GIACOMO DI MULO"," Via Etna 9","95020","Aci Bonaccorsi (CT)",,,"095 7900355","04246890877",1,1,2
228,"EHRMANN AG OBERSCHÖNEGG IM ALLGÄU","Hauptstraße, 19","87770","Oberschönegg",,"+49 8333 301-310","+49 8333 301-0","DE 811249984",0,1,
79,"POLABSKÉ MLÉKÁRNY a.s.","Dr. Kryspina, 510","29016","Podebrady",,,"325 600 750 / 760","CZ45148678",0,1,
249,"Food & Dairy Slovakia, s.r.o.","Slávičie údolie 102/a","811 02"," Bratislava, Slovakia",,"+421 2 5441 0303","+421 905 398 700","SK 2021844968",0,1,
251,"COLMENA SPRL","Bouhon Corti 20,4","960 Bevercé","MALMEDY",,,,"BE 0439481066",0,,
149,"Zott SE & Co. KG","Dr.-Steichele-Straße 4","86690"," Mertingen",,"+49 9078 801 110","+49 9078 801 0","DE 127849306",0,1,
364,"DIE KÄSEMACHER GmbH","Europastraße 5","3902"," Vitis, AUSTRIA",,,,"ATU 57460928",0,,
240,"Diano Latte S.U.R.L.","Via Mautoni 11","84038","Sassano, SA",,,"+39 0975 72502","04077060657",1,,
259,"M V S Milchvermarktungs-GmbH","Köckmühle, 133","83539","Pfaffing",,,"+49 8076888 514-21","DE 214 459 697",0,,
276,"FINO-FOOD Kft.","Izzó u. 9.","H-7400","Kaposvár",,"+36 82 529 130","+36 82 529 140","HU11283058",0,,
218,"MURGIA SERGIO SRL","Via Morandi,10","09094","Marrubiu (OR)",,,"0783 85 80 20","00642880959",1,1,2
233,"MOLKEREI NIESKY GMBH","Muskauer Strasse 38","02906","Niesky",,"+49 4030088500","+49 4030022555","DE 140511562",0,1,
319,"BMB SRL","V.Muzza Spadetta nr 43","40053","Valsamoggia Loc.Bazzano BO",,,,"03629581202",1,,
187,"Numidia BV","Boven de Wolfskuil 3-D28","6049","LX Roermond The Netherlands",,"+31 475744099","+31 475711367","NL 851229633B01",0,1,
62,"COUNTY MILK PRODUCTS LTD","Dean Court, 85 Adlington Road,","SK9 2BT","Wilmslow, Cheshire",,,"+44 7785 314398","616 00 4091",0,1,
335,"B&M S.A.S. DI MAZZOLENI & C.","VIA F. GALANTINO         18","26029","26029    SONCINO            CR",,,," IT01291170197",1,,
157,"AS E-PIIM  TOTMINE","Pikk 16,","73301","Järva-Jaani, ESTONIA",,"+372 383 8301","+372 383 8300","EE101498773",0,14,
248,"SOLE-MIZO  Zrt.","SZEGED","6728","BUDAPEST ut.6- Ungheria",,"+36 62 569 036","+36 62 569 000","HU17781767",0,,
328,"EM POULTRY SRL","Via Procaccini 32","20154","Milano",,,,"08717190964",1,,
330,"MATHILDE BALZER GMBH & CO. KG","Kurt-Fischer-Stasse - 45","22926","Ahrensburg - DE",,,"+49 (4102) 4668-17","DE 116 927 410",0,,
250,"BIOFINO GMBH & CO. KG.","EUROPA ALLEE 7","49685","EMSTEK",,,,"DE315051974",0,,
285,"ALPENSWISS  GMBH","Lauenbuhlstrasse, 59","88161","LINDENBERG  i.Allgau, Germany",,,,"DE 247901879",0,,
399,"MILKPOL POLSKA SP Z OO","UL LUSINSKA 28a","03-569","03-569 WARSZAWA, POLAND",,,,"5222863856",0,,
27,"SCHWARZWALDMILCH GMBH OFFENBURG","OKENSTRASSE 81 a","77652","OFFENBURG,Germany",,"0781 80864","0781 8080","DE 811187321",0,1,
306,"GIA'  SRL","P.zza Caduti sul Lavoro, 2","26013","CREMA ( CR )",,,,"03366800989",1,,
309,"BURT LEWIS EUROPE","Damgade,6","6100","HADERSLEV, DENMARK",,,,"31764483",0,,
316," Molkerei Wagenfeld Karl Niemann Gmbh&Co.KG","Diepholzerstrasse,16-18","49419","WAGENFELD",,,,"DE 116581335",0,,
221,"EURIAL INGREDIENTS ET NUTRITION","24, Rue de la Rainiere CS 42738","44327","NANTES Cedex 03, FRANCE",,,,"FR 87823521489",0,1,
312,"POLISH DAIRY SP.Z.OO","ul. Prosta,51","00-838","WARSZAWA, Polska-Polonia",,,,"5223054886",0,,
241,"XCHANCE  ITALIA  SRL","Viale G.Marconi , 9","25088","25088 Toscolano Maderno (BS)",,,,"03708420983",1,,
338,"Latterie Venete SpA","Via Bassanese, 2, 31050 Vedelago TV, Italia","31050","Vedelago TV, Italia",,,," IT03409430240",1,,
167,"FIT","20 avenue Henri Fréville","BP 30243","35202 RENNES CEDEX 2",,"33 (0) 2 99 53 66 03","33 (0)2 99 53 88 88","FR84501584502",0,1,
345,"SM MLEKOVITA","Ul.Ludowa 122, 18-200",,"Wysokie Mazowieckie, POLSKA",,,,"PL7220002329",0,,
346,"MILKPARTNERS POLSKA SP Z OO","ul. Obrzeżna 7a, lok. 94","02-691","Warszawa",,,,"PL5213765717",0,,
351,"ALMALAND Srl","Via Vintler 6/A","39100","I-39100 Bolzano",,,,"01087880215",1,,
77,"CA’ VERDE BIO SOC COOP","VIA DELLE FOSSE N. 10","37050","VALLESE DI OPPEANO",,"0458488934","04584153545","04348560238",1,,2
353,"DeJong Cheese","Het Sas 14","5131","RC Alphen (N-Br.)",,,,"NL806506040B01",0,,
401,"Société des Caves","2, Av. F. Galtier","12250","12250 - ROQUEFORT/SOULZON (FR)",,,,"FR 81925480030",0,,
16,"Target Polska Sp. z o.o. Sp. Jawna","UL. GWIAZDZISTA 15 A LOK.403","01651","WARSZAWA",,"0048225604301","0048225604300","PL5130131766",0,1,
405,"FOODCOM  SA","Komedy 2/3","02-517","02-517 Warszawa",,,,"IT00219249992",1,,
411,"Giffoniello SRL","Via Fratelli Rosselli, 358","84096"," Montecorvino Rovella SA",,,,"05946020657",1,,
412,"Società Ingredienti e Additivi - S.I.A. Srl","Via Lavoratori Autobianchi 1, Edif. 13/E","20832","Desio (MB), Italia",,,,"IT 12336530154",1,,
193,"FARMEL DAIRY PRODUCTS BV","Ecopark 75b, 8305 BJ","805 bj","Emmeloord, Netherlands",,,,"822216759B01",0,1,
356,"L’ANTICA CASCINA srl","Via Campo dei Fiori, 2","47122","47122 Forlì (FC) Italia",,,," 01321920405",1,,
357,"LACTRADE COMMODITY TRADING","Podbipięty 31/49","02-732","02-732 Warszawa, POLAND",,,," PL5213852468",0,,
290,"Kaskat Sp. z o.o.","Husarska Street 10","66-400","Gorzow Wlkp. POLAND",,,,"PL 599 24 15 208",0,,
368,"LATTICINI CERNOBBIO SRL","VIA 1 MAGGIO 11","22042","S.FERMO DELLA BATTAGLIA Loc. Cavallasca (CO)",,,,"02456550132",1,,
300,"BEST  MILK  Sp. Z.o.o.","ul. Pańska 98/103","00-837","00-837 Warszawa POLAND",,,,"PL5170276608",0,,
390,"MEGGLE GmbH & Co. KG","Megglestraße 6 - 12","83512","83512 Wasserburg am Inn, GERMANY",,,,"DE813497582",0,,
376,"Industria Olearia Sorrento Srl Unipersonale","Via Nuova San Marzano, 233","80040","80040 Poggiomarino (NA), Italia",,,,"08503631213",1,,
380,"Okręgowa Spółdzielnia Mleczarska w Łowiczu","ul. Przemysłowa 3,","99-400"," Łowicz",,,,"PL 8340000049",0,,
124,"Lácteas Cobreros, S.","Ctra. Palencia, Km. 1","49660","CASTROGONZALO (Zamora)",,"+34 980 664 520","+34 980 664 050","A49165905",0,1,
36,"FAYREFIELD FOODS LTD","Englesea House, Barthomley Road","CW15UF","Crewe, Cheshire",," +44 (0)1270 582269","+44 (0)1270 589311","SE502084320601",0,1,
386,"ARBOREA  THE  ITALIAN DAIRY COMPANY","Strada 14 est bis","09092","Arborea (OR)",,,,"00029780954",1,,
361,"CASEIFICIO FLLI PALENI - GROMO","Via Papa Giovanni XXIII 2","24020","24020 Gromo (BG)",,,,"02582940165",1,,
395,"Alima-Milk Sp. z o.o.","ul. Kolejowa 12, 77-400 Złotów, PL","77-400","77-400 Złotów, POLONIA",,,,"PL5010073954",0,,
51,"Prolactal GmbH","Ferdinand-Leihs-Straße 40","A-8230","A−8230 Hartberg",,,,"ATU22754605",0,1,
400,"New Ital Butter s.r.l.","Via Scafati, 283","80057","Sant'Antonio Abate (Na)",,,,"IT06056940650",1,,
402,"TARGET POLSKA Spółka z ograniczoną","ul. Gwiaździsta 15A lok. 403,","01-651","01-651 Warszawa, POLAND",,,,"PL5130131766",0,,
